"feature_4","Sum(order)","feature4OrderRatio","orderSumAllItems"
-1,35668,0,1499894
0,960268,0.640223909156247,1499894
1,520,0.0003466911661757431,1499894
2,1435,0.0009567342758888295,1499894
3,501865,0.33460031175536403,1499894
4,138,0.00009200650179279335,1499894
