"feature_2","Sum(order)","feature2OrderRatio","orderSumAllItems"
0,1239650,0.8264917387495383,1499894
1,150900,0.10060710956907622,1499894
2,24028,0.01601979873244376,1499894
3,85316,0.05688135294894173,1499894
