"feature_1","Sum(order)","feature1OrderRatio","orderSumAllItems"
-1,48,0,1499894
0,6,0.000004000282686643189,1499894
1,6202,0.004134958870426844,1499894
2,18,0.000012000848059929568,1499894
3,8099,0.0053997149131871985,1499894
4,700156,0.4668036541248915,1499894
5,49,0.000032668975274252714,1499894
6,228638,0.1524361054847876,1499894
7,578,0.0003853605654799606,1499894
8,1511,0.0010074045232529765,1499894
9,909,0.0006060428270264432,1499894
10,553680,0.36914608632343354,1499894
